case_id,model,enabled,group,notes,solver,I_A,U_V,travel_speed_m_s,wire_feed_m_s,wire_dia_m,gas_flow_lpm,B_mT,B_dir,B_freq_Hz,n_layers,idle_time_s,scan_mode,sym,cell_size_m,deposit_len_m,dt_s,end_time_s,write_interval_s,purge_write,goldak_af_m,goldak_ar_m,goldak_b_m,goldak_c_m,eta_arc,sigma_j_m,sigma_p_m,A_darcy,sigma_e_gas_ratio,n_procs,decomp_method,p_rgh_tol,noise_twin_of
D00-droplet-135A,D,1,replication,Droplet detachment only. Gate: r=1.105mm f=30Hz vmax=0.9m/s,laserbeamFoam,135,16,0.02,0.15,0.0012,20,0,none,0,1,0,unidir,half,0.00020,0.008,4e-5,0.10,0.001,0,0.003,0.006,0.004,0.004,0.70,0.002,0.002,1e6,1e-3,2,scotch,1e-07,
D00-droplet-135A-noise,D,1,noisefloor,Noise-floor twin of D00-droplet-135A. Identical physics; p_rgh tolerance 1e-8. Spread = resolution limit.,laserbeamFoam,135,16,0.02,0.15,0.0012,20,0,none,0,1,0,unidir,half,0.00020,0.008,4e-5,0.10,0.001,0,0.003,0.006,0.004,0.004,0.70,0.002,0.002,1e6,1e-3,2,scotch,1e-08,D00-droplet-135A
D01-droplet-110A,D,0,replication,Lower current sensitivity check,laserbeamFoam,110,15,0.02,0.12,0.0012,20,0,none,0,1,0,unidir,half,0.00020,0.008,4e-5,0.10,0.001,0,0.003,0.006,0.004,0.004,0.70,0.002,0.002,1e6,1e-3,2,scotch,1e-07,
D02-droplet-160A,D,0,replication,Higher current sensitivity check,laserbeamFoam,160,17,0.02,0.18,0.0012,20,0,none,0,1,0,unidir,half,0.00020,0.008,4e-5,0.10,0.001,0,0.003,0.006,0.004,0.004,0.70,0.002,0.002,1e6,1e-3,2,scotch,1e-07,
R00-SPSL-paper,P,1,paperfidelity,Paper fidelity SPSL. Gate: h/w within 15pct of Table 5,laserbeamFoam,135,16,0.02,0.15,0.0012,20,0,none,0,1,0,unidir,half,0.00025,0.040,4e-5,2.00,0.010,0,0.003,0.006,0.004,0.004,0.70,0.002,0.002,1e6,1e-3,6,scotch,1e-07,
R00-SPSL-paper-noise,P,0,paperfidelity,Noise-floor twin of R00-SPSL-paper. Identical physics; p_rgh tolerance 1e-8. Spread = resolution limit.,laserbeamFoam,135,16,0.02,0.15,0.0012,20,0,none,0,1,0,unidir,half,0.00025,0.040,4e-5,2.00,0.010,0,0.003,0.006,0.004,0.004,0.70,0.002,0.002,1e6,1e-3,6,scotch,1e-08,R00-SPSL-paper
R01-SPSL-mesh030,P,0,meshstudy,Mesh independence 0.30mm,laserbeamFoam,135,16,0.02,0.15,0.0012,20,0,none,0,1,0,unidir,half,0.00030,0.020,5e-5,1.00,0.010,0,0.003,0.006,0.004,0.004,0.70,0.002,0.002,1e6,1e-3,6,scotch,1e-07,
R02-SPSL-mesh040,P,0,meshstudy,Mesh independence 0.40mm,laserbeamFoam,135,16,0.02,0.15,0.0012,20,0,none,0,1,0,unidir,half,0.00040,0.020,8e-5,1.00,0.010,0,0.003,0.006,0.004,0.004,0.70,0.002,0.002,1e6,1e-3,6,scotch,1e-07,
R03-SPTL-idle,P,0,replication,Two layers with interlayer idle. Paper case 1,laserbeamFoam,135,16,0.02,0.15,0.0012,20,0,none,0,2,999,bidir,half,0.00035,0.020,5e-5,2.00,0.010,0,0.003,0.006,0.004,0.004,0.70,0.002,0.002,1e6,1e-3,6,scotch,1e-07,
R04-SPTL-noidle,P,0,replication,Two layers no idle. Paper case 2,laserbeamFoam,135,16,0.02,0.15,0.0012,20,0,none,0,2,0,bidir,half,0.00035,0.020,5e-5,2.00,0.010,0,0.003,0.006,0.004,0.004,0.70,0.002,0.002,1e6,1e-3,6,scotch,1e-07,
R05-SPFL,P,0,replication,Five layers with interlayer idle. Paper SPFL. Gate: height 4.3pct / length 0.5pct vs Table 5,laserbeamFoam,135,16,0.02,0.15,0.0012,20,0,none,0,5,999,bidir,half,0.00035,0.020,5e-5,5.00,0.010,0,0.003,0.006,0.004,0.004,0.70,0.002,0.002,1e6,1e-3,6,scotch,1e-07,
M00-B000,P,1,magnetic,Reduced baseline. Must match R00 trends,laserbeamFoam,135,16,0.02,0.15,0.0012,20,0,none,0,1,0,unidir,half,0.00035,0.020,5e-5,1.00,0.010,0,0.003,0.006,0.004,0.004,0.70,0.002,0.002,1e6,1e-3,6,scotch,1e-07,
M00-B000-noise,P,1,noisefloor,Noise-floor twin of M00-B000. Identical physics; p_rgh tolerance 1e-8. Spread = resolution limit.,laserbeamFoam,135,16,0.02,0.15,0.0012,20,0,none,0,1,0,unidir,half,0.00035,0.020,5e-5,1.00,0.010,0,0.003,0.006,0.004,0.004,0.70,0.002,0.002,1e6,1e-3,6,scotch,1e-08,M00-B000
M01-By-010,P,1,magnetic,Transverse-Y 10mT. Force along x. Symmetry preserved,laserbeamFoam,135,16,0.02,0.15,0.0012,20,10,y,0,1,0,unidir,half,0.00035,0.020,5e-5,1.00,0.010,0,0.003,0.006,0.004,0.004,0.70,0.002,0.002,1e6,1e-3,6,scotch,1e-07,
M02-By-030,P,1,magnetic,Transverse-Y 30mT. Near the Marangoni crossover,laserbeamFoam,135,16,0.02,0.15,0.0012,20,30,y,0,1,0,unidir,half,0.00035,0.020,5e-5,1.00,0.010,0,0.003,0.006,0.004,0.004,0.70,0.002,0.002,1e6,1e-3,6,scotch,1e-07,
M03-By-050,P,1,magnetic,Transverse-Y 50mT,laserbeamFoam,135,16,0.02,0.15,0.0012,20,50,y,0,1,0,unidir,half,0.00035,0.020,5e-5,1.00,0.010,0,0.003,0.006,0.004,0.004,0.70,0.002,0.002,1e6,1e-3,6,scotch,1e-07,
M04-By-100,P,1,magnetic,Transverse-Y 100mT. Lorentz comparable to self-induced,laserbeamFoam,135,16,0.02,0.15,0.0012,20,100,y,0,1,0,unidir,half,0.00035,0.020,5e-5,1.00,0.010,0,0.003,0.006,0.004,0.004,0.70,0.002,0.002,1e6,1e-3,6,scotch,1e-07,
M05-Bx-030,P,1,magnetic,Transverse-X 30mT. Force along y. FULL DOMAIN REQUIRED,laserbeamFoam,135,16,0.02,0.15,0.0012,20,30,x,0,1,0,unidir,full,0.00035,0.020,5e-5,1.00,0.010,0,0.003,0.006,0.004,0.004,0.70,0.002,0.002,1e6,1e-3,6,scotch,1e-07,
M06-Bx-050,P,1,magnetic,Transverse-X 50mT. FULL DOMAIN REQUIRED,laserbeamFoam,135,16,0.02,0.15,0.0012,20,50,x,0,1,0,unidir,full,0.00035,0.020,5e-5,1.00,0.010,0,0.003,0.006,0.004,0.004,0.70,0.002,0.002,1e6,1e-3,6,scotch,1e-07,
M07-Bz-030,P,1,magnetic,Longitudinal-Z 30mT. Azimuthal stirring. FULL DOMAIN,laserbeamFoam,135,16,0.02,0.15,0.0012,20,30,z,0,1,0,unidir,full,0.00035,0.020,5e-5,1.00,0.010,0,0.003,0.006,0.004,0.004,0.70,0.002,0.002,1e6,1e-3,6,scotch,1e-07,
M08-Bz-050,P,1,magnetic,Longitudinal-Z 50mT. FULL DOMAIN,laserbeamFoam,135,16,0.02,0.15,0.0012,20,50,z,0,1,0,unidir,full,0.00035,0.020,5e-5,1.00,0.010,0,0.003,0.006,0.004,0.004,0.70,0.002,0.002,1e6,1e-3,6,scotch,1e-07,
M09-Bz-100,P,1,magnetic,Longitudinal-Z 100mT. FULL DOMAIN,laserbeamFoam,135,16,0.02,0.15,0.0012,20,100,z,0,1,0,unidir,full,0.00035,0.020,5e-5,1.00,0.010,0,0.003,0.006,0.004,0.004,0.70,0.002,0.002,1e6,1e-3,6,scotch,1e-07,
M10-Bz050-f010,P,1,magnetic,Alternating longitudinal 50mT 10Hz. FULL DOMAIN,laserbeamFoam,135,16,0.02,0.15,0.0012,20,50,z,10,1,0,unidir,full,0.00035,0.020,5e-5,1.00,0.010,0,0.003,0.006,0.004,0.004,0.70,0.002,0.002,1e6,1e-3,6,scotch,1e-07,
M11-Bz050-f050,P,1,magnetic,Alternating longitudinal 50mT 50Hz. FULL DOMAIN,laserbeamFoam,135,16,0.02,0.15,0.0012,20,50,z,50,1,0,unidir,full,0.00035,0.020,5e-5,1.00,0.010,0,0.003,0.006,0.004,0.004,0.70,0.002,0.002,1e6,1e-3,6,scotch,1e-07,
M12-Bz050-f070,P,1,magnetic,Alternating 50mT 70Hz. Matches Zhao 2022 experiment. FULL DOMAIN,laserbeamFoam,135,16,0.02,0.15,0.0012,20,50,z,70,1,0,unidir,full,0.00035,0.020,5e-5,1.00,0.010,0,0.003,0.006,0.004,0.004,0.70,0.002,0.002,1e6,1e-3,6,scotch,1e-07,
S00-sigmafloor-1e2,P,0,sensitivity,Conductivity floor sensitivity 1e-2,laserbeamFoam,135,16,0.02,0.15,0.0012,20,50,z,0,1,0,unidir,full,0.00035,0.020,5e-5,1.00,0.010,0,0.003,0.006,0.004,0.004,0.70,0.002,0.002,1e6,1e-2,6,scotch,1e-07,
S01-sigmafloor-1e4,P,0,sensitivity,Conductivity floor sensitivity 1e-4,laserbeamFoam,135,16,0.02,0.15,0.0012,20,50,z,0,1,0,unidir,full,0.00035,0.020,5e-5,1.00,0.010,0,0.003,0.006,0.004,0.004,0.70,0.002,0.002,1e6,1e-4,6,scotch,1e-07,
S02-darcy-1e7,P,0,sensitivity,Darcy constant 1e7 to suppress solidified creep,laserbeamFoam,135,16,0.02,0.15,0.0012,20,0,none,0,1,0,unidir,half,0.00035,0.020,5e-5,1.00,0.010,0,0.003,0.006,0.004,0.004,0.70,0.002,0.002,1e7,1e-3,6,scotch,1e-07,
T00-B000-5layer,T,0,thermal,Five layer thermal history for ExaCA. Baseline,additiveFoam,135,16,0.02,0.15,0.0012,20,0,none,0,5,999,bidir,full,0.00035,0.020,1e-3,12.00,0.050,0,0.003,0.006,0.004,0.004,0.70,0.002,0.002,1e6,1e-3,6,scotch,1e-07,
T00-B000-5layer-noise,T,0,noisefloor,Noise-floor twin of T00-B000-5layer. Identical physics; p_rgh tolerance 1e-8. Spread = resolution limit.,additiveFoam,135,16,0.02,0.15,0.0012,20,0,none,0,5,999,bidir,full,0.00035,0.020,1e-3,12.00,0.050,0,0.003,0.006,0.004,0.004,0.70,0.002,0.002,1e6,1e-3,6,scotch,1e-08,T00-B000-5layer
T08-Bz050-5layer,T,0,thermal,Five layer thermal history for ExaCA. 50mT longitudinal,additiveFoam,135,16,0.02,0.15,0.0012,20,50,z,0,5,999,bidir,full,0.00035,0.020,1e-3,12.00,0.050,0,0.003,0.006,0.004,0.004,0.70,0.002,0.002,1e6,1e-3,6,scotch,1e-07,
